{
	"geode": "2.0.0-beta.19",
	"version": "v1.4.9",
	"id": "beat.click-sound",
	"name": "Click Sounds",
	"developers": [
		"Beat",
		"Coop",
		"Viper",
		"Weebify",
		"Uproxide"
	],
	"gd": {
		"android": "2.205",
        "win": "2.204",
		"mac": "2.200"
	},
	"description": "Plays a sound whenever you press a jump button.",
	"resources": {
		"files": [
			"resources/*.ogg",
			"resources/*.mp3",
			"resources/*.wav",
			"resources/*.m4a",
			"resources/*.flac"
		],
		"sprites": ["resources/*.png"]
	},
	"settings": {
		"OnlyOnJump": {
			"name": "Only play on jump",
			"description": "Doesn't play sound on movement of platformer keys",
			"type": "bool",
			"default": true
		},
		"enable-clicksound": {
			"name": "Enable click sounds",
			"description": "Enable or disable click sounds without restarting the game!",
			"type": "bool",
			"default": true
		},
		"clicksound-currentsound": {
			"name": "Current click sound",
			"description": "Change the click sound. Negative numbers for meme sounds, 0 for custom sounds, and positive numbers for useful sounds. Check mod description for a sound list.",
			"type": "int",
			"default": 1,
			"min": -27,
			"max": 26,
			"control": {
				"arrows": true,
				"slider": false
			}
		},
		"custom-clicksound": {
            "name": "Upload a custom click sound",
            "description": "Select a .ogg, .wav, .mp3, .m4a, or .flac format file to set as click sound 0. The best practice is to use a .ogg format sound that start loudly and immediately.",
            "type": "path",
            "default": "Upload a file first.",
			"control": {
				"filters": [
					{"files": ["*.ogg*", "*.mp3", "*.wav", "*.m4a", "*.flac"],
					"description": "Audio file"}
				]
			}
		},
		"enable-releasesound": {
			"name": "Enable release sounds",
			"description": "Enable or disable release sounds.",
			"type": "bool",
			"default": false
		},
		"releasesound-currentsound": {
			"name": "Current release sound",
			"description": "Change the click sound. Negative numbers for meme sounds, 0 for custom sounds, and positive numbers for useful sounds. Check mod description for a sound list.",
			"type": "int",
			"default": 1,
			"min": -1,
			"max": 12,
			"control": {
				"arrows": true,
				"slider": false
			}
		},
		"custom-releasesound": {
            "name": "Upload a custom release sound",
            "description": "Select a .ogg, .wav, .mp3, .m4a, or .flac format file to set as release sound 0. The best practice is to use a .ogg format sound that start loudly and immediately.",
            "type": "path",
        	"default": "Upload a file first.",
			"control": {
				"filters": [
					{"files": ["*.ogg*", "*.mp3", "*.wav", "*.m4a", "*.flac"],
					"description": "Audio file"}
				]
			}
        },
		"settings-button": {
			"name": "Show settings button",
			"description": "When enabled, a settings button appears in the pause menu.",
			"type": "bool",
			"default": true
		}
	},
	"repository": "https://github.com/BeatACVR/geode-clicksound",
	"dependencies": [
        {
            "id": "geode.node-ids",
            "version": ">=v1.5.1",
            "importance": "suggested"
        }
    ]
}
