{
	"geode": "2.0.0",
	"gd": {
		"win": "2.204",
		"android": "2.205"
	},
	"version": "v1.1.2",
	"id": "alphalaneous.projectedstars",
	"name": "Projected Stars",
	"developer": "Alphalaneous",
	"description": "Shows how many stars you will get if you beat a level with some extra flair!",
	"resources": {
        "sprites": [
            "resources/starOutline.png",
			"resources/moonOutline.png"
        ]
    },
	"dependencies": [
        {
            "id": "geode.node-ids",
            "version": "v1.1.1",
            "importance": "required"
        }
    ]
}