{
    "commit-author": "TheSillyDoggo",
    "platforms": [
        "macos",
        "windows",
        "android32",
        "android64"
    ],
    "mod": {
        "download": "https://github.com/TheSillyDoggo/Gradient-Pages/releases/download/v2.2.4/TheSillyDoggo.GradientPages.geode",
        "hash": "6d085d746357edbe46086ad1b8f2b7f34efd4d4b87732a76baa9ba8e817cf4e1",
        "hash256": "05fd9aa20819a34bfdd932232c48dd20723098327d302ef06c6adacde55b4afa"
    },
    "tags": [
        "Customization"
    ]
}