{
	"geode": "2.0.0",
	"version": "v1.0.2",
	"id": "bitz.customprofiles",
	"name": "CustomProfiles",
	"developer": "BitZ",
	"description": "My first mod to geode, a port for the original CustomProfiles now available with new features!",
	"gd": {
		"android": "2.205",
		"win": "2.204"
	},
	"repository": "https://github.com/iArtie/CustomProfiles",
	"issues": {
		"info": "Post your issues on the <cp>Issue tracking repository</c>.",
		"url": "https://github.com/iArtie/CustomProfiles/issues/new/choose"
	}
}