{
	"geode": "2.0.0",
	"version": "v1.0.4",
	"gd": "2.204",
	"id": "b1rtek.gddlintegration",
	"name": "GDDL Integration",
	"developer": "B1rtek",
	"description": "Displays GDDL tiers of demons along with enjoyment ratings",
	"repository": "https://github.com/B1rtek/Geode-GDDLIntegration",
	"dependencies": [
		{
			"id": "geode.node-ids",
			"version": ">=v1.1.4",
			"importance": "required"
		}
	],
	"resources": {
		"sprites": [
			"resources/tier.png",
			"resources/split.png",
			"resources/tiers/*.png"
		]
	},
	"settings": {
		"move-button-to-level-name": {
			"name": "Move tier button to level name",
			"description": "By default, the tier button is situated to the left of the demon face, if this is toggled on it'll be moved right to the level name.",
			"type": "bool",
			"default": false
		},
		"pos-next-to-level-name": {
			"name": "Position of the button next to the level name",
			"description": "According to the slider position (on the left or the right side of the level name), works only if the setting above is ticked.",
			"type": "int",
			"default": 1,
			"min": -1,
			"max": 1,
			"control": {
				"slider": true
			}
		}
	}
}