{
	"geode": "2.0.0-beta.17",
	"gd": {
		"win": "2.204",
		"android": "2.205",
		"mac": "2.200"
	},
	"version": "v1.0.0",
	"id": "capeling.gamemode_picker",
	"name": "Gamemode Swapper",
	"developer": "Capeling",
	"description": "Adds a button in the Pause Menu that allows you to change your gamemode!",
	"resources": {
		"spritesheets": {
			"GamemodeSheet":[
				"resources/GamemodeSheet/unused/*.png",
				"resources/GamemodeSheet/speeds/*.png",
				"resources/GamemodeSheet/player/*.png"
			]
		}
	}
}