{
	"geode": "2.0.0-beta.12",
	"version": "v1.0.2",
	"id": "bitz.moregames",
	"name": "MoreGames",
	"developer": "BitZ",
	"description": "All free Geometry Dash games within a single mod!",
	"gd": {
		"android": "2.205",
		"win": "2.204"
	},
	"repository": "https://github.com/iArtie/FreeGames",
	"issues": {
		"info": "Post your issues on the <cp>Issue tracking repository</c>.",
		"url": "https://github.com/iArtie/FreeGames/issues/new/choose"
	},
	"resources": {
		"spritesheets": {
			"IconSheet": [
				"resources/icon/*.png"
			]

		},
		"files": [
			"resources/textures/*.zip",
			"resources/levels/*.txt"

		]

	}
}